,Y-stress
Time,Sh-3000,Sh-5525,
    0.0000000000e+00,    0.0000000000e+00,    0.0000000000e+00,
    9.1173802502e-04,    0.0000000000e+00,    0.0000000000e+00,
    1.9146499690e-03,    0.0000000000e+00,    0.0000000000e+00,
    2.9175600503e-03,    0.0000000000e+00,    0.0000000000e+00,
    3.9204698987e-03,    0.0000000000e+00,    0.0000000000e+00,
    4.9233799800e-03,    0.0000000000e+00,    0.0000000000e+00,
    5.9262900613e-03,    0.0000000000e+00,    0.0000000000e+00,
    6.9292099215e-03,    0.0000000000e+00,    0.0000000000e+00,
    7.9321200028e-03,    0.0000000000e+00,    0.0000000000e+00,
    8.9350296184e-03,    0.0000000000e+00,    0.0000000000e+00,
    9.9379401654e-03,    0.0000000000e+00,    0.0000000000e+00,
    1.0940900072e-02,    0.0000000000e+00,    0.0000000000e+00,
    1.1943800375e-02,    0.0000000000e+00,    0.0000000000e+00,
    1.2946699746e-02,    0.0000000000e+00,    0.0000000000e+00,
    1.3949600048e-02,    0.0000000000e+00,    0.0000000000e+00,
    1.4952500351e-02,    0.0000000000e+00,    0.0000000000e+00,
    1.5955399722e-02,    0.0000000000e+00,    0.0000000000e+00,
    1.6958300024e-02,    0.0000000000e+00,    0.0000000000e+00,
    1.7961200327e-02,    0.0000000000e+00,    0.0000000000e+00,
    1.8964100629e-02,    0.0000000000e+00,    0.0000000000e+00,
    1.9967099652e-02,    0.0000000000e+00,    0.0000000000e+00,
    2.0969999954e-02,    0.0000000000e+00,    0.0000000000e+00,
    2.1972900257e-02,    0.0000000000e+00,    0.0000000000e+00,
    2.2975800559e-02,    0.0000000000e+00,    0.0000000000e+00,
    2.3978700861e-02,    0.0000000000e+00,    0.0000000000e+00,
    2.4981599301e-02,    0.0000000000e+00,    0.0000000000e+00,
    2.5984499604e-02,    0.0000000000e+00,    0.0000000000e+00,
    2.6987399906e-02,    0.0000000000e+00,    0.0000000000e+00,
    2.7990300208e-02,    0.0000000000e+00,    0.0000000000e+00,
    2.8993299231e-02,    0.0000000000e+00,    0.0000000000e+00,
    2.9996199533e-02,    0.0000000000e+00,    0.0000000000e+00,
    3.0999099836e-02,    0.0000000000e+00,    0.0000000000e+00,
    3.1910799444e-02,    0.0000000000e+00,    0.0000000000e+00,
    3.2913699746e-02,    0.0000000000e+00,    0.0000000000e+00,
    3.3916600049e-02,    0.0000000000e+00,    0.0000000000e+00,
    3.4919600934e-02,    0.0000000000e+00,    0.0000000000e+00,
    3.5922501236e-02,    0.0000000000e+00,    0.0000000000e+00,
    3.6925401539e-02,    0.0000000000e+00,    0.0000000000e+00,
    3.7928301841e-02,    0.0000000000e+00,    0.0000000000e+00,
    3.8931198418e-02,    0.0000000000e+00,    0.0000000000e+00,
    3.9934098721e-02,    0.0000000000e+00,    0.0000000000e+00,
    4.0936999023e-02,    0.0000000000e+00,    0.0000000000e+00,
    4.1939899325e-02,    0.0000000000e+00,    0.0000000000e+00,
    4.2942799628e-02,    0.0000000000e+00,    0.0000000000e+00,
    4.3945800513e-02,    0.0000000000e+00,    0.0000000000e+00,
    4.4948700815e-02,    0.0000000000e+00,    0.0000000000e+00,
    4.5951601118e-02,    0.0000000000e+00,    0.0000000000e+00,
    4.6954501420e-02,    0.0000000000e+00,    0.0000000000e+00,
    4.7957401723e-02,    0.0000000000e+00,    0.0000000000e+00,
    4.8960298300e-02,    0.0000000000e+00,    0.0000000000e+00,
    4.9963198602e-02,    0.0000000000e+00,    0.0000000000e+00,
    5.0966098905e-02,    0.0000000000e+00,    0.0000000000e+00,
    5.1968999207e-02,    0.0000000000e+00,    0.0000000000e+00,
    5.2972000092e-02,    0.0000000000e+00,    0.0000000000e+00,
    5.3974900395e-02,    0.0000000000e+00,    0.0000000000e+00,
    5.4977800697e-02,    0.0000000000e+00,    0.0000000000e+00,
    5.5980700999e-02,    0.0000000000e+00,    0.0000000000e+00,
    5.6983601302e-02,    0.0000000000e+00,    0.0000000000e+00,
    5.7986501604e-02,    0.0000000000e+00,    0.0000000000e+00,
    5.8989398181e-02,    0.0000000000e+00,    0.0000000000e+00,
    5.9992298484e-02,    0.0000000000e+00,    0.0000000000e+00,
    6.0995198786e-02,    0.0000000000e+00,    0.0000000000e+00,
    6.1998199672e-02,    0.0000000000e+00,    0.0000000000e+00,
    6.2909901142e-02,    0.0000000000e+00,    0.0000000000e+00,
    6.3912801445e-02,    0.0000000000e+00,    0.0000000000e+00,
    6.4915701747e-02,    0.0000000000e+00,    0.0000000000e+00,
    6.5918602049e-02,    0.0000000000e+00,    0.0000000000e+00,
    6.6921502352e-02,    0.0000000000e+00,    0.0000000000e+00,
    6.7924499512e-02,    0.0000000000e+00,    0.0000000000e+00,
    6.8927399814e-02,    0.0000000000e+00,    0.0000000000e+00,
    6.9930300117e-02,    0.0000000000e+00,    0.0000000000e+00,
    7.0933200419e-02,    0.0000000000e+00,    0.0000000000e+00,
    7.1936100721e-02,    0.0000000000e+00,    0.0000000000e+00,
    7.2939001024e-02,    0.0000000000e+00,    0.0000000000e+00,
    7.3941901326e-02,    0.0000000000e+00,    0.0000000000e+00,
    7.4944801629e-02,    0.0000000000e+00,    0.0000000000e+00,
    7.5947701931e-02,    0.0000000000e+00,    0.0000000000e+00,
    7.6950699091e-02,    0.0000000000e+00,    0.0000000000e+00,
    7.7953599393e-02,    0.0000000000e+00,    0.0000000000e+00,
    7.8956499696e-02,    0.0000000000e+00,    0.0000000000e+00,
    7.9959399998e-02,    0.0000000000e+00,    0.0000000000e+00,
    8.0962300301e-02,    0.0000000000e+00,    0.0000000000e+00,
    8.1965200603e-02,    0.0000000000e+00,    0.0000000000e+00,
    8.2968100905e-02,    0.0000000000e+00,    0.0000000000e+00,
    8.3971001208e-02,    0.0000000000e+00,    0.0000000000e+00,
    8.4973901510e-02,    0.0000000000e+00,    0.0000000000e+00,
    8.5976898670e-02,    0.0000000000e+00,    0.0000000000e+00,
    8.6979798973e-02,    0.0000000000e+00,    0.0000000000e+00,
    8.7982699275e-02,    0.0000000000e+00,    0.0000000000e+00,
    8.8985599577e-02,    0.0000000000e+00,    0.0000000000e+00,
    8.9988499880e-02,    0.0000000000e+00,    0.0000000000e+00,
    9.0991400182e-02,    0.0000000000e+00,    0.0000000000e+00,
    9.1994300485e-02,    0.0000000000e+00,    0.0000000000e+00,
    9.2997200787e-02,    0.0000000000e+00,    0.0000000000e+00,
    9.3909002841e-02,    0.0000000000e+00,    0.0000000000e+00,
    9.4911903143e-02,    0.0000000000e+00,    0.0000000000e+00,
    9.5914803445e-02,    0.0000000000e+00,    0.0000000000e+00,
    9.6917696297e-02,    0.0000000000e+00,    0.0000000000e+00,
    9.7920596600e-02,    0.0000000000e+00,    0.0000000000e+00,
    9.8923496902e-02,    0.0000000000e+00,    0.0000000000e+00,
    9.9926397204e-02,    0.0000000000e+00,    0.0000000000e+00,
    1.0092899948e-01,    0.0000000000e+00,    0.0000000000e+00,
    1.0193199664e-01,    0.0000000000e+00,    0.0000000000e+00,
    1.0293500125e-01,    0.0000000000e+00,    0.0000000000e+00,
    1.0393799841e-01,    0.0000000000e+00,    0.0000000000e+00,
    1.0494100302e-01,    0.0000000000e+00,    0.0000000000e+00,
    1.0594400018e-01,    0.0000000000e+00,    0.0000000000e+00,
    1.0694699734e-01,    0.0000000000e+00,    0.0000000000e+00,
    1.0795000196e-01,    0.0000000000e+00,    0.0000000000e+00,
    1.0895299911e-01,    0.0000000000e+00,    0.0000000000e+00,
    1.0995599627e-01,    0.0000000000e+00,    0.0000000000e+00,
    1.1095800251e-01,    0.0000000000e+00,    0.0000000000e+00,
    1.1196099967e-01,    0.0000000000e+00,    0.0000000000e+00,
    1.1296399683e-01,    0.0000000000e+00,    0.0000000000e+00,
    1.1396700144e-01,    0.0000000000e+00,    0.0000000000e+00,
    1.1496999860e-01,    0.0000000000e+00,    0.0000000000e+00,
    1.1597300321e-01,    0.0000000000e+00,    0.0000000000e+00,
    1.1697600037e-01,    0.0000000000e+00,    0.0000000000e+00,
    1.1797899753e-01,    0.0000000000e+00,    0.0000000000e+00,
    1.1898200214e-01,    0.0000000000e+00,    0.0000000000e+00,
    1.1998499930e-01,    0.0000000000e+00,    0.0000000000e+00,
    1.2098799646e-01,    0.0000000000e+00,    0.0000000000e+00,
    1.2199000269e-01,    0.0000000000e+00,    0.0000000000e+00,
    1.2299299985e-01,    0.0000000000e+00,    0.0000000000e+00,
    1.2399599701e-01,    0.0000000000e+00,    0.0000000000e+00,
    1.2499900162e-01,    0.0000000000e+00,    0.0000000000e+00,
    1.2591099739e-01,    0.0000000000e+00,    0.0000000000e+00,
    1.2691399455e-01,    0.0000000000e+00,    0.0000000000e+00,
    1.2791700661e-01,    0.0000000000e+00,    0.0000000000e+00,
    1.2892000377e-01,    0.0000000000e+00,    0.0000000000e+00,
    1.2992300093e-01,    0.0000000000e+00,    0.0000000000e+00,
    1.3092599809e-01,    0.0000000000e+00,    0.0000000000e+00,
    1.3192799687e-01,    0.0000000000e+00,    0.0000000000e+00,
    1.3293099403e-01,    0.0000000000e+00,    0.0000000000e+00,
    1.3393400609e-01,    0.0000000000e+00,    0.0000000000e+00,
    1.3493700325e-01,    0.0000000000e+00,    0.0000000000e+00,
    1.3594000041e-01,    0.0000000000e+00,    0.0000000000e+00,
    1.3694299757e-01,    0.0000000000e+00,    0.0000000000e+00,
    1.3794599473e-01,    0.0000000000e+00,    0.0000000000e+00,
    1.3894900680e-01,    0.0000000000e+00,    0.0000000000e+00,
    1.3995200396e-01,    0.0000000000e+00,    0.0000000000e+00,
    1.4095500112e-01,    0.0000000000e+00,    0.0000000000e+00,
    1.4195799828e-01,    0.0000000000e+00,    0.0000000000e+00,
    1.4295999706e-01,    0.0000000000e+00,    0.0000000000e+00,
    1.4396299422e-01,    0.0000000000e+00,    0.0000000000e+00,
    1.4496600628e-01,    0.0000000000e+00,    0.0000000000e+00,
    1.4596900344e-01,    0.0000000000e+00,    0.0000000000e+00,
    1.4697200060e-01,    0.0000000000e+00,    0.0000000000e+00,
    1.4797499776e-01,    0.0000000000e+00,    0.0000000000e+00,
    1.4897799492e-01,    0.0000000000e+00,    0.0000000000e+00,
    1.4998100698e-01,    0.0000000000e+00,    0.0000000000e+00,
    1.5098400414e-01,    0.0000000000e+00,    0.0000000000e+00,
    1.5198700130e-01,    0.0000000000e+00,    0.0000000000e+00,
    1.5298999846e-01,    0.0000000000e+00,    0.0000000000e+00,
    1.5399199724e-01,    0.0000000000e+00,    0.0000000000e+00,
    1.5499499440e-01,    0.0000000000e+00,    0.0000000000e+00,
    1.5599800646e-01,    0.0000000000e+00,    0.0000000000e+00,
    1.5691000223e-01,    0.0000000000e+00,    0.0000000000e+00,
    1.5791299939e-01,    0.0000000000e+00,    0.0000000000e+00,
    1.5891599655e-01,    0.0000000000e+00,    0.0000000000e+00,
    1.5991899371e-01,    0.0000000000e+00,    0.0000000000e+00,
    1.6092200577e-01,    0.0000000000e+00,    0.0000000000e+00,
    1.6192500293e-01,    0.0000000000e+00,    0.0000000000e+00,
    1.6292800009e-01,    0.0000000000e+00,    0.0000000000e+00,
    1.6392999887e-01,    0.0000000000e+00,    0.0000000000e+00,
    1.6493299603e-01,    0.0000000000e+00,    0.0000000000e+00,
    1.6593599319e-01,    0.0000000000e+00,    0.0000000000e+00,
    1.6693900526e-01,    0.0000000000e+00,    0.0000000000e+00,
    1.6794200242e-01,    0.0000000000e+00,    0.0000000000e+00,
    1.6894499958e-01,    0.0000000000e+00,    0.0000000000e+00,
    1.6994799674e-01,    0.0000000000e+00,    0.0000000000e+00,
    1.7095099390e-01,    0.0000000000e+00,    0.0000000000e+00,
    1.7195400596e-01,    0.0000000000e+00,    0.0000000000e+00,
    1.7295700312e-01,    0.0000000000e+00,    0.0000000000e+00,
    1.7396000028e-01,    0.0000000000e+00,    0.0000000000e+00,
    1.7496199906e-01,    0.0000000000e+00,    0.0000000000e+00,
    1.7596499622e-01,    0.0000000000e+00,    0.0000000000e+00,
    1.7696799338e-01,    0.0000000000e+00,    0.0000000000e+00,
    1.7797100544e-01,    0.0000000000e+00,    0.0000000000e+00,
    1.7897400260e-01,    0.0000000000e+00,    0.0000000000e+00,
    1.7997699976e-01,    0.0000000000e+00,    0.0000000000e+00,
    1.8097999692e-01,    0.0000000000e+00,    0.0000000000e+00,
    1.8198299408e-01,    0.0000000000e+00,    0.0000000000e+00,
    1.8298600614e-01,    0.0000000000e+00,    0.0000000000e+00,
    1.8398900330e-01,    0.0000000000e+00,    0.0000000000e+00,
    1.8499200046e-01,    0.0000000000e+00,    0.0000000000e+00,
    1.8599399924e-01,    0.0000000000e+00,    0.0000000000e+00,
    1.8699699640e-01,    0.0000000000e+00,    0.0000000000e+00,
    1.8790900707e-01,    0.0000000000e+00,    0.0000000000e+00,
    1.8891200423e-01,    0.0000000000e+00,    0.0000000000e+00,
    1.8991500139e-01,    0.0000000000e+00,    0.0000000000e+00,
    1.9091799855e-01,    0.0000000000e+00,    0.0000000000e+00,
    1.9192099571e-01,    0.0000000000e+00,    0.0000000000e+00,
    1.9292399287e-01,    0.0000000000e+00,    0.0000000000e+00,
    1.9392700493e-01,    0.0000000000e+00,    0.0000000000e+00,
    1.9493000209e-01,    0.0000000000e+00,    0.0000000000e+00,
    1.9593200088e-01,    0.0000000000e+00,    0.0000000000e+00,
    1.9693499804e-01,    0.0000000000e+00,    0.0000000000e+00,
    1.9793799520e-01,    0.0000000000e+00,    0.0000000000e+00,
    1.9894100726e-01,    0.0000000000e+00,    0.0000000000e+00,
    1.9994400442e-01,    0.0000000000e+00,    0.0000000000e+00,
    2.0094700158e-01,    0.0000000000e+00,    0.0000000000e+00,
    2.0194999874e-01,    0.0000000000e+00,    0.0000000000e+00,
    2.0295299590e-01,    0.0000000000e+00,    0.0000000000e+00,
    2.0395599306e-01,    0.0000000000e+00,    0.0000000000e+00,
    2.0495900512e-01,    0.0000000000e+00,    0.0000000000e+00,
    2.0596200228e-01,    0.0000000000e+00,    0.0000000000e+00,
    2.0696400106e-01,    0.0000000000e+00,    0.0000000000e+00,
    2.0796699822e-01,    0.0000000000e+00,    0.0000000000e+00,
    2.0896999538e-01,    0.0000000000e+00,    0.0000000000e+00,
    2.0997300744e-01,    0.0000000000e+00,    0.0000000000e+00,
    2.1097600460e-01,    0.0000000000e+00,    0.0000000000e+00,
    2.1197900176e-01,    0.0000000000e+00,    0.0000000000e+00,
    2.1298199892e-01,    0.0000000000e+00,    0.0000000000e+00,
    2.1398499608e-01,    0.0000000000e+00,    0.0000000000e+00,
    2.1498799324e-01,    0.0000000000e+00,    0.0000000000e+00,
    2.1599100530e-01,    0.0000000000e+00,    0.0000000000e+00,
    2.1699400246e-01,    0.0000000000e+00,    0.0000000000e+00,
    2.1799600124e-01,    0.0000000000e+00,    0.0000000000e+00,
    2.1899899840e-01,    0.0000000000e+00,    0.0000000000e+00,
    2.1991099417e-01,    0.0000000000e+00,    0.0000000000e+00,
    2.2091400623e-01,    0.0000000000e+00,    0.0000000000e+00,
    2.2191700339e-01,    0.0000000000e+00,    0.0000000000e+00,
    2.2292000055e-01,    0.0000000000e+00,    0.0000000000e+00,
    2.2392299771e-01,    0.0000000000e+00,    0.0000000000e+00,
    2.2492599487e-01,    0.0000000000e+00,    0.0000000000e+00,
    2.2592900693e-01,    0.0000000000e+00,    0.0000000000e+00,
    2.2693100572e-01,    0.0000000000e+00,    0.0000000000e+00,
    2.2793400288e-01,    0.0000000000e+00,    0.0000000000e+00,
    2.2893700004e-01,    0.0000000000e+00,    0.0000000000e+00,
    2.2993999720e-01,    0.0000000000e+00,    0.0000000000e+00,
    2.3094299436e-01,    0.0000000000e+00,    0.0000000000e+00,
    2.3194600642e-01,    0.0000000000e+00,    0.0000000000e+00,
    2.3294900358e-01,    0.0000000000e+00,    0.0000000000e+00,
    2.3395200074e-01,    0.0000000000e+00,    0.0000000000e+00,
    2.3495499790e-01,    0.0000000000e+00,    0.0000000000e+00,
    2.3595799506e-01,    0.0000000000e+00,    0.0000000000e+00,
    2.3696100712e-01,    0.0000000000e+00,    0.0000000000e+00,
    2.3796400428e-01,    0.0000000000e+00,    0.0000000000e+00,
    2.3896600306e-01,    0.0000000000e+00,    0.0000000000e+00,
    2.3996900022e-01,    0.0000000000e+00,    0.0000000000e+00,
    2.4097199738e-01,    0.0000000000e+00,    0.0000000000e+00,
    2.4197499454e-01,    0.0000000000e+00,    0.0000000000e+00,
    2.4297800660e-01,    0.0000000000e+00,    0.0000000000e+00,
    2.4398100376e-01,    0.0000000000e+00,    0.0000000000e+00,
    2.4498400092e-01,    0.0000000000e+00,    0.0000000000e+00,
    2.4598699808e-01,    0.0000000000e+00,    0.0000000000e+00,
    2.4698999524e-01,    0.0000000000e+00,    0.0000000000e+00,
    2.4799300730e-01,    0.0000000000e+00,    0.0000000000e+00,
    2.4899600446e-01,    0.0000000000e+00,    0.0000000000e+00,
    2.4999800324e-01,    0.0000000000e+00,    0.0000000000e+00,
    2.5091001391e-01,    0.0000000000e+00,    0.0000000000e+00,
    2.5191301107e-01,    0.0000000000e+00,    0.0000000000e+00,
    2.5291600823e-01,    0.0000000000e+00,    0.0000000000e+00,
    2.5391900539e-01,    0.0000000000e+00,    0.0000000000e+00,
    2.5492200255e-01,    0.0000000000e+00,    0.0000000000e+00,
    2.5592499971e-01,    0.0000000000e+00,    0.0000000000e+00,
    2.5692799687e-01,    0.0000000000e+00,    0.0000000000e+00,
    2.5793099403e-01,    0.0000000000e+00,    0.0000000000e+00,
    2.5893300772e-01,    0.0000000000e+00,    0.0000000000e+00,
    2.5993600488e-01,    0.0000000000e+00,    0.0000000000e+00,
    2.6093900204e-01,    0.0000000000e+00,    0.0000000000e+00,
    2.6194199920e-01,    0.0000000000e+00,    0.0000000000e+00,
    2.6294499636e-01,    0.0000000000e+00,    0.0000000000e+00,
    2.6394799352e-01,    0.0000000000e+00,    0.0000000000e+00,
    2.6495099068e-01,    0.0000000000e+00,    0.0000000000e+00,
    2.6595398784e-01,    0.0000000000e+00,    0.0000000000e+00,
    2.6695701480e-01,    0.0000000000e+00,    0.0000000000e+00,
    2.6796001196e-01,    0.0000000000e+00,    0.0000000000e+00,
    2.6896300912e-01,    0.0000000000e+00,    0.0000000000e+00,
    2.6996600628e-01,    0.0000000000e+00,    0.0000000000e+00,
    2.7096799016e-01,    0.0000000000e+00,    0.0000000000e+00,
    2.7197098732e-01,    0.0000000000e+00,    0.0000000000e+00,
    2.7297401428e-01,    0.0000000000e+00,    0.0000000000e+00,
    2.7397701144e-01,    0.0000000000e+00,    0.0000000000e+00,
    2.7498000860e-01,    0.0000000000e+00,    0.0000000000e+00,
    2.7598300576e-01,    0.0000000000e+00,    0.0000000000e+00,
    2.7698600292e-01,    0.0000000000e+00,    0.0000000000e+00,
    2.7798900008e-01,    0.0000000000e+00,    0.0000000000e+00,
    2.7899199724e-01,    0.0000000000e+00,    0.0000000000e+00,
    2.7999499440e-01,    0.0000000000e+00,    0.0000000000e+00,
    2.8099799156e-01,    0.0000000000e+00,    0.0000000000e+00,
    2.8190898895e-01,    0.0000000000e+00,    0.0000000000e+00,
    2.8291198611e-01,    0.0000000000e+00,    0.0000000000e+00,
    2.8391501307e-01,    0.0000000000e+00,    0.0000000000e+00,
    2.8491801023e-01,    0.0000000000e+00,    0.0000000000e+00,
    2.8592100739e-01,    0.0000000000e+00,    0.0000000000e+00,
    2.8692400455e-01,    0.0000000000e+00,    0.0000000000e+00,
    2.8792700171e-01,    0.0000000000e+00,    0.0000000000e+00,
    2.8892999887e-01,    0.0000000000e+00,    0.0000000000e+00,
    2.8993299603e-01,    0.0000000000e+00,    0.0000000000e+00,
    2.9093500972e-01,    0.0000000000e+00,    0.0000000000e+00,
    2.9193800688e-01,    0.0000000000e+00,    0.0000000000e+00,
    2.9294100404e-01,    0.0000000000e+00,    0.0000000000e+00,
    2.9394400120e-01,    0.0000000000e+00,    0.0000000000e+00,
    2.9494699836e-01,    0.0000000000e+00,    0.0000000000e+00,
    2.9594999552e-01,    0.0000000000e+00,    0.0000000000e+00,
    2.9695299268e-01,    0.0000000000e+00,    0.0000000000e+00,
    2.9795598984e-01,    0.0000000000e+00,    0.0000000000e+00,
    2.9895898700e-01,    0.0000000000e+00,    0.0000000000e+00,
    2.9996201396e-01,    0.0000000000e+00,    0.0000000000e+00,
    3.0096501112e-01,    0.0000000000e+00,    0.0000000000e+00,
    3.0196800828e-01,    0.0000000000e+00,    0.0000000000e+00,
    3.0296999216e-01,    0.0000000000e+00,    0.0000000000e+00,
    3.0397298932e-01,    0.0000000000e+00,    0.0000000000e+00,
    3.0497598648e-01,    0.0000000000e+00,    0.0000000000e+00,
    3.0597901344e-01,    0.0000000000e+00,    0.0000000000e+00,
    3.0698201060e-01,    0.0000000000e+00,    0.0000000000e+00,
    3.0798500776e-01,    0.0000000000e+00,    0.0000000000e+00,
    3.0898800492e-01,    0.0000000000e+00,    0.0000000000e+00,
    3.0999100208e-01,    0.0000000000e+00,    0.0000000000e+00,
    3.1099399924e-01,    0.0000000000e+00,    0.0000000000e+00,
    3.1199699640e-01,    0.0000000000e+00,    0.0000000000e+00,
    3.1299999356e-01,    0.0000000000e+00,    0.0000000000e+00,
    3.1391099095e-01,    0.0000000000e+00,    0.0000000000e+00,
    3.1491398811e-01,    0.0000000000e+00,    0.0000000000e+00,
    3.1591698527e-01,    0.0000000000e+00,    0.0000000000e+00,
    3.1692001224e-01,    0.0000000000e+00,    0.0000000000e+00,
    3.1792300940e-01,    0.0000000000e+00,    0.0000000000e+00,
    3.1892600656e-01,    0.0000000000e+00,    0.0000000000e+00,
    3.1992900372e-01,    0.0000000000e+00,    0.0000000000e+00,
    3.2093200088e-01,    0.0000000000e+00,    0.0000000000e+00,
    3.2193499804e-01,    0.0000000000e+00,    0.0000000000e+00,
    3.2293701172e-01,    0.0000000000e+00,    0.0000000000e+00,
    3.2394000888e-01,    0.0000000000e+00,    0.0000000000e+00,
    3.2494300604e-01,    0.0000000000e+00,    0.0000000000e+00,
    3.2594600320e-01,    0.0000000000e+00,    0.0000000000e+00,
    3.2694900036e-01,    0.0000000000e+00,    0.0000000000e+00,
    3.2795199752e-01,    0.0000000000e+00,    0.0000000000e+00,
    3.2895499468e-01,    0.0000000000e+00,    0.0000000000e+00,
    3.2995799184e-01,    0.0000000000e+00,    0.0000000000e+00,
    3.3096098900e-01,    0.0000000000e+00,    0.0000000000e+00,
    3.3196398616e-01,    0.0000000000e+00,    0.0000000000e+00,
    3.3296701312e-01,    0.0000000000e+00,    0.0000000000e+00,
    3.3396899700e-01,    0.0000000000e+00,    0.0000000000e+00,
    3.3497199416e-01,    0.0000000000e+00,    0.0000000000e+00,
    3.3597499132e-01,    0.0000000000e+00,    0.0000000000e+00,
    3.3697798848e-01,    0.0000000000e+00,    0.0000000000e+00,
    3.3798098564e-01,    0.0000000000e+00,    0.0000000000e+00,
    3.3898401260e-01,    0.0000000000e+00,    0.0000000000e+00,
    3.3998700976e-01,    0.0000000000e+00,    0.0000000000e+00,
    3.4099000692e-01,    0.0000000000e+00,    0.0000000000e+00,
    3.4199300408e-01,    0.0000000000e+00,    0.0000000000e+00,
    3.4299600124e-01,    0.0000000000e+00,    0.0000000000e+00,
    3.4399899840e-01,    0.0000000000e+00,    0.0000000000e+00,
    3.4490999579e-01,    0.0000000000e+00,    0.0000000000e+00,
    3.4591299295e-01,    0.0000000000e+00,    0.0000000000e+00,
    3.4691599011e-01,    0.0000000000e+00,    0.0000000000e+00,
    3.4791898727e-01,    0.0000000000e+00,    0.0000000000e+00,
    3.4892201424e-01,    0.0000000000e+00,    0.0000000000e+00,
    3.4992501140e-01,    0.0000000000e+00,    0.0000000000e+00,
    3.5092800856e-01,    0.0000000000e+00,    0.0000000000e+00,
    3.5193100572e-01,    0.0000000000e+00,    0.0000000000e+00,
    3.5293400288e-01,    0.0000000000e+00,    0.0000000000e+00,
    3.5393700004e-01,    0.0000000000e+00,    0.0000000000e+00,
    3.5493901372e-01,    0.0000000000e+00,    0.0000000000e+00,
    3.5594201088e-01,    0.0000000000e+00,    0.0000000000e+00,
    3.5694500804e-01,    0.0000000000e+00,    0.0000000000e+00,
    3.5794800520e-01,    0.0000000000e+00,    0.0000000000e+00,
    3.5895100236e-01,    0.0000000000e+00,    0.0000000000e+00,
    3.5995399952e-01,    0.0000000000e+00,    0.0000000000e+00,
    3.6095699668e-01,    0.0000000000e+00,    0.0000000000e+00,
    3.6195999384e-01,    0.0000000000e+00,    0.0000000000e+00,
    3.6296299100e-01,    0.0000000000e+00,    0.0000000000e+00,
    3.6396598816e-01,    0.0000000000e+00,    0.0000000000e+00,
    3.6496898532e-01,    0.0000000000e+00,    0.0000000000e+00,
    3.6597099900e-01,    0.0000000000e+00,    0.0000000000e+00,
    3.6697399616e-01,    0.0000000000e+00,    0.0000000000e+00,
    3.6797699332e-01,    0.0000000000e+00,    0.0000000000e+00,
    3.6897999048e-01,    0.0000000000e+00,    0.0000000000e+00,
    3.6998298764e-01,    0.0000000000e+00,    0.0000000000e+00,
    3.7098601460e-01,    0.0000000000e+00,    0.0000000000e+00,
    3.7198901176e-01,    0.0000000000e+00,    0.0000000000e+00,
    3.7299200892e-01,    0.0000000000e+00,    0.0000000000e+00,
    3.7399500608e-01,    0.0000000000e+00,    0.0000000000e+00,
    3.7499800324e-01,    0.0000000000e+00,    0.0000000000e+00,
    3.7590900064e-01,    0.0000000000e+00,    0.0000000000e+00,
    3.7691199780e-01,    0.0000000000e+00,    0.0000000000e+00,
    3.7791499496e-01,    0.0000000000e+00,    0.0000000000e+00,
    3.7891799212e-01,    0.0000000000e+00,    0.0000000000e+00,
    3.7992098927e-01,    0.0000000000e+00,    0.0000000000e+00,
    3.8092398643e-01,    0.0000000000e+00,    0.0000000000e+00,
    3.8192701340e-01,    0.0000000000e+00,    0.0000000000e+00,
    3.8293001056e-01,    0.0000000000e+00,    0.0000000000e+00,
    3.8393300772e-01,    0.0000000000e+00,    0.0000000000e+00,
    3.8493600488e-01,    0.0000000000e+00,    0.0000000000e+00,
    3.8593900204e-01,    0.0000000000e+00,    0.0000000000e+00,
    3.8694098592e-01,    0.0000000000e+00,    0.0000000000e+00,
    3.8794401288e-01,    0.0000000000e+00,    0.0000000000e+00,
    3.8894701004e-01,    0.0000000000e+00,    0.0000000000e+00,
    3.8995000720e-01,    0.0000000000e+00,    0.0000000000e+00,
    3.9095300436e-01,   -1.1210387715e-44,    0.0000000000e+00,
    3.9195600152e-01,   -4.9535900714e-42,    0.0000000000e+00,
    3.9295899868e-01,   -1.6871030952e-39,    0.0000000000e+00,
    3.9396199584e-01,   -4.6253046291e-37,    0.0000000000e+00,
    3.9496499300e-01,   -1.0254009414e-34,    0.0000000000e+00,
    3.9596799016e-01,   -1.8466015612e-32,    0.0000000000e+00,
    3.9697098732e-01,   -2.7123021870e-30,    0.0000000000e+00,
    3.9797300100e-01,   -3.2618023798e-28,    0.0000000000e+00,
    3.9897599816e-01,   -3.2226021847e-26,    0.0000000000e+00,
    3.9997899532e-01,   -2.6240016369e-24,    0.0000000000e+00,
    4.0098199248e-01,   -1.7657010533e-22,    0.0000000000e+00,
    4.0198498964e-01,   -9.8452054326e-21,    0.0000000000e+00,
    4.0298798680e-01,   -4.5590023272e-19,    0.0000000000e+00,
    4.0399101377e-01,   -1.7571006968e-17,    0.0000000000e+00,
    4.0499401093e-01,   -5.6474021228e-16,    0.0000000000e+00,
    4.0599700809e-01,   -1.5165005143e-14,    0.0000000000e+00,
    4.0700000525e-01,   -3.4083009310e-13,    0.0000000000e+00,
    4.0791100264e-01,   -4.9539014384e-12,    0.0000000000e+00,
    4.0891399980e-01,   -7.9677021925e-11,    0.0000000000e+00,
    4.0991699696e-01,   -1.0787001292e-09,    0.0000000000e+00,
    4.1091999412e-01,   -1.2321001996e-08,    0.0000000000e+00,
    4.1192299128e-01,   -1.1908001341e-07,    0.0000000000e+00,
    4.1292598844e-01,   -9.7725012438e-07,    0.0000000000e+00,
    4.1392898560e-01,   -6.8376011768e-06,    0.0000000000e+00,
    4.1493201256e-01,   -4.0993003495e-05,    0.0000000000e+00,
    4.1593500972e-01,   -2.1185001242e-04,    0.0000000000e+00,
    4.1693800688e-01,   -9.5032999525e-04,    0.0000000000e+00,
    4.1794100404e-01,   -3.7303001154e-03,    0.0000000000e+00,
    4.1894298792e-01,   -1.2930001132e-02,    0.0000000000e+00,
    4.1994601488e-01,   -3.9974004030e-02,    0.0000000000e+00,
    4.2094901204e-01,   -1.1140999943e-01,    0.0000000000e+00,
    4.2195200920e-01,   -2.8297999501e-01,    0.0000000000e+00,
    4.2295500636e-01,   -6.6188001633e-01,    0.0000000000e+00,
    4.2395800352e-01,   -1.4387999773e+00,    0.0000000000e+00,
    4.2496100068e-01,   -2.9289000034e+00,    0.0000000000e+00,
    4.2596399784e-01,   -5.6153001785e+00,    0.0000000000e+00,
    4.2696699500e-01,   -1.0184000015e+01,    0.0000000000e+00,
    4.2796999216e-01,   -1.7532999039e+01,    0.0000000000e+00,
    4.2897298932e-01,   -2.8733999252e+01,    0.0000000000e+00,
    4.2997500300e-01,   -4.4929000854e+01,    0.0000000000e+00,
    4.3097800016e-01,   -6.7140998840e+01,    0.0000000000e+00,
    4.3198099732e-01,   -9.6000991821e+01,    0.0000000000e+00,
    4.3298399448e-01,   -1.3142999268e+02,    0.0000000000e+00,
    4.3398699164e-01,   -1.7236000061e+02,    0.0000000000e+00,
    4.3498998880e-01,   -2.1659999084e+02,    0.0000000000e+00,
    4.3599298596e-01,   -2.6088000488e+02,    0.0000000000e+00,
    4.3699601293e-01,   -3.0111001587e+02,    0.0000000000e+00,
    4.3799901009e-01,   -3.3304998779e+02,    0.0000000000e+00,
    4.3891099095e-01,   -3.5192001343e+02,    0.0000000000e+00,
    4.3991300464e-01,   -3.5969000244e+02,    0.0000000000e+00,
    4.4091600180e-01,   -3.5355001831e+02,    0.0000000000e+00,
    4.4191899896e-01,   -3.3610998535e+02,    0.0000000000e+00,
    4.4292199612e-01,   -3.1194998169e+02,    0.0000000000e+00,
    4.4392499328e-01,   -2.8694998169e+02,    0.0000000000e+00,
    4.4492799044e-01,   -2.6760000610e+02,    0.0000000000e+00,
    4.4593098760e-01,   -2.5840002441e+02,    0.0000000000e+00,
    4.4693401456e-01,   -2.6057000732e+02,    0.0000000000e+00,
    4.4793701172e-01,   -2.7239999390e+02,    0.0000000000e+00,
    4.4894000888e-01,   -2.9066998291e+02,    0.0000000000e+00,
    4.4994300604e-01,   -3.0996002197e+02,    0.0000000000e+00,
    4.5094498992e-01,   -3.2370999146e+02,    0.0000000000e+00,
    4.5194798708e-01,   -3.2651000977e+02,    0.0000000000e+00,
    4.5295101404e-01,   -3.1825000000e+02,    0.0000000000e+00,
    4.5395401120e-01,   -3.0500000000e+02,    0.0000000000e+00,
    4.5495700836e-01,   -2.9173001099e+02,    0.0000000000e+00,
    4.5596000552e-01,   -2.8008001709e+02,    0.0000000000e+00,
    4.5696300268e-01,   -2.7276998901e+02,    0.0000000000e+00,
    4.5796599984e-01,   -2.7576000977e+02,    0.0000000000e+00,
    4.5896899700e-01,   -2.9035000610e+02,    0.0000000000e+00,
    4.5997199416e-01,   -3.0761999512e+02,    0.0000000000e+00,
    4.6097499132e-01,   -3.1495999146e+02,    0.0000000000e+00,
    4.6197700500e-01,   -3.1082000732e+02,    0.0000000000e+00,
    4.6298000216e-01,   -3.0708001709e+02,    0.0000000000e+00,
    4.6398299932e-01,   -3.0504000854e+02,    0.0000000000e+00,
    4.6498599648e-01,   -2.9572000122e+02,    0.0000000000e+00,
    4.6598899364e-01,   -2.7869998169e+02,    0.0000000000e+00,
    4.6699199080e-01,   -2.7244000244e+02,    0.0000000000e+00,
    4.6799498796e-01,   -2.8777001953e+02,    0.0000000000e+00,
    4.6899798512e-01,   -3.0850000000e+02,    0.0000000000e+00,
    4.6990999579e-01,   -3.1286999512e+02,    0.0000000000e+00,
    4.7091200948e-01,   -3.0132000732e+02,    0.0000000000e+00,
    4.7191500664e-01,   -2.9900997925e+02,    0.0000000000e+00,
    4.7291800380e-01,   -3.0802999878e+02,    0.0000000000e+00,
    4.7392100096e-01,   -3.0580001831e+02,    0.0000000000e+00,
    4.7492399812e-01,   -2.8426000977e+02,    0.0000000000e+00,
    4.7592699528e-01,   -2.7023001099e+02,    0.0000000000e+00,
    4.7692999244e-01,   -2.8600000000e+02,    0.0000000000e+00,
    4.7793298960e-01,   -3.1014999390e+02,    0.0000000000e+00,
    4.7893598676e-01,   -3.1442001343e+02,    0.0000000000e+00,
    4.7993901372e-01,   -2.9945999146e+02,    0.0000000000e+00,
    4.8094201088e-01,   -2.9454998779e+02,    0.0000000000e+00,
    4.8194500804e-01,   -3.0220001221e+02,    0.0000000000e+00,
    4.8294699192e-01,   -3.0183001709e+02,    0.0000000000e+00,
    4.8394998908e-01,   -2.8907000732e+02,    0.0000000000e+00,
    4.8495298624e-01,   -2.8066000366e+02,    0.0000000000e+00,
    4.8595601320e-01,   -2.8891998291e+02,    0.0000000000e+00,
    4.8695901036e-01,   -3.0269000244e+02,    0.0000000000e+00,
    4.8796200752e-01,   -3.0994000244e+02,    0.0000000000e+00,
    4.8896500468e-01,   -3.0829998779e+02,    0.0000000000e+00,
    4.8996800184e-01,   -3.0060000610e+02,    0.0000000000e+00,
    4.9097099900e-01,   -2.9042001343e+02,    0.0000000000e+00,
    4.9197399616e-01,   -2.8692001343e+02,    0.0000000000e+00,
    4.9297699332e-01,   -2.9277001953e+02,    0.0000000000e+00,
    4.9397900701e-01,   -2.9907998657e+02,    0.0000000000e+00,
    4.9498200417e-01,   -2.9723999023e+02,    0.0000000000e+00,
    4.9598500133e-01,   -2.9401000977e+02,    0.0000000000e+00,
    4.9698799849e-01,   -3.0139001465e+02,    0.0000000000e+00,
    4.9799099565e-01,   -3.0950000000e+02,    0.0000000000e+00,
    4.9899399281e-01,   -3.0432998657e+02,    0.0000000000e+00,
    4.9999698997e-01,   -2.8886999512e+02,    0.0000000000e+00,
    5.0099998713e-01,   -2.8210998535e+02,    0.0000000000e+00,
    5.0191199780e-01,   -2.8944000244e+02,    0.0000000000e+00,
    5.0291401148e-01,   -3.0050000000e+02,    0.0000000000e+00,
    5.0391697884e-01,   -3.0569000244e+02,    0.0000000000e+00,
    5.0492000580e-01,   -3.0409997559e+02,    0.0000000000e+00,
    5.0592297316e-01,   -2.9846002197e+02,    0.0000000000e+00,
    5.0692600012e-01,   -2.9398001099e+02,    0.0000000000e+00,
    5.0792902708e-01,   -2.9402999878e+02,    0.0000000000e+00,
    5.0893199444e-01,   -2.9650000000e+02,    0.0000000000e+00,
    5.0993502140e-01,   -2.9630999756e+02,    0.0000000000e+00,
    5.1093798876e-01,   -2.9191998291e+02,    0.0000000000e+00,
    5.1194101572e-01,   -2.9319998169e+02,    0.0000000000e+00,
    5.1294398308e-01,   -3.0305999756e+02,    0.0000000000e+00,
    5.1394701004e-01,   -3.0890997314e+02,    0.0000000000e+00,
    5.1494902372e-01,   -3.0225997925e+02,    0.0000000000e+00,
    5.1595199108e-01,   -2.8980999756e+02,    0.0000000000e+00,
    5.1695501804e-01,   -2.8600000000e+02,    0.0000000000e+00,
    5.1795798540e-01,   -2.9226998901e+02,    0.0000000000e+00,
    5.1896101236e-01,   -3.0041998291e+02,    0.0000000000e+00,
    5.1996397972e-01,   -3.0472000122e+02,    0.0000000000e+00,
    5.2096700668e-01,   -3.0200000000e+02,    0.0000000000e+00,
    5.2196997404e-01,   -2.9558001709e+02,    0.0000000000e+00,
    5.2297300100e-01,   -2.9355999756e+02,    0.0000000000e+00,
    5.2397501469e-01,   -2.9658001709e+02,    0.0000000000e+00,
    5.2497798204e-01,   -2.9858001709e+02,    0.0000000000e+00,
    5.2598100901e-01,   -2.9530999756e+02,    0.0000000000e+00,
    5.2698397636e-01,   -2.9130999756e+02,    0.0000000000e+00,
    5.2798599005e-01,   -2.9539999390e+02,    0.0000000000e+00,
    5.2898901701e-01,   -3.0355999756e+02,    0.0000000000e+00,
    5.2999097109e-01,   -3.0567001343e+02,    0.0000000000e+00,
    5.3099298477e-01,   -2.9908999634e+02,    0.0000000000e+00,
    5.3199398518e-01,   -2.9047998047e+02,    0.0000000000e+00,
    5.3299498558e-01,   -2.8819000244e+02,    0.0000000000e+00,
    5.3399598598e-01,   -2.9366000366e+02,    0.0000000000e+00,
    5.3499597311e-01,   -3.0200000000e+02,    0.0000000000e+00,
    5.3599399328e-01,   -3.0517999268e+02,    0.0000000000e+00,
    5.3698998690e-01,   -2.9972998047e+02,    0.0000000000e+00,
    5.3798300028e-01,   -2.9292999268e+02,    0.0000000000e+00,
    5.3897297382e-01,   -2.9241000366e+02,    0.0000000000e+00,
    5.3996002674e-01,   -2.9555999756e+02,    0.0000000000e+00,
    5.4094302654e-01,   -2.9616998291e+02,    0.0000000000e+00,
    5.4192399979e-01,   -2.9292999268e+02,    0.0000000000e+00,
    5.4299002886e-01,   -2.8932000732e+02,    0.0000000000e+00,
    5.4396498203e-01,   -2.8801998901e+02,    0.0000000000e+00,
    5.4493701458e-01,   -2.8672000122e+02,    0.0000000000e+00,
    5.4599601030e-01,   -2.8189001465e+02,    0.0000000000e+00,
    5.4696398973e-01,   -2.7079998779e+02,    0.0000000000e+00,
    5.4792898893e-01,   -2.5350999451e+02,    0.0000000000e+00,
    5.4898101091e-01,   -2.3510000610e+02,    0.0000000000e+00,
    5.4994297028e-01,   -2.2272000122e+02,    0.0000000000e+00,
    5.5098998547e-01,   -2.0782000732e+02,    0.0000000000e+00,
    5.5194801092e-01,   -1.8472000122e+02,    0.0000000000e+00,
    5.5299001932e-01,   -1.4859999084e+02,    0.0000000000e+00,
    5.5394202471e-01,   -1.1282000732e+02,    0.0000000000e+00,
    5.5497801304e-01,   -7.8356002808e+01,    0.0000000000e+00,
    5.5592501163e-01,   -5.1861999512e+01,    0.0000000000e+00,
    5.5695497990e-01,   -2.6113998413e+01,    0.0000000000e+00,
    5.5798202753e-01,   -2.1459999084e+00,    0.0000000000e+00,
    5.5892199278e-01,    1.6713998795e+01,    0.0000000000e+00,
    5.5994498730e-01,    2.9449998856e+01,    0.0000000000e+00,
    5.6096601486e-01,    3.1496000290e+01,    0.0000000000e+00,
    5.6198400259e-01,    2.6052000046e+01,    0.0000000000e+00,
    5.6291598082e-01,    1.8635000229e+01,    0.0000000000e+00,
    5.6392997503e-01,    9.9421997070e+00,    0.0000000000e+00,
    5.6494098902e-01,    2.0513999462e-01,   -2.8025969286e-45,
    5.6594997644e-01,   -1.0272999763e+01,   -4.0077136080e-43,
    5.6695497036e-01,   -1.8043998718e+01,   -6.5404204524e-41,
    5.6795799732e-01,   -1.8951999664e+01,   -8.5546132338e-39,
    5.6895798445e-01,   -1.2109999657e+01,   -9.0837090060e-37,
    5.6995600462e-01,   -5.8893001080e-01,   -7.8774066443e-35,
    5.7095199823e-01,    9.1612997055e+00,   -5.6033049619e-33,
    5.7194501162e-01,    1.1469000816e+01,   -3.2834028108e-31,
    5.7293701172e-01,    7.2926998138e+00,   -1.5927011820e-29,
    5.7392698526e-01,    2.7834000587e+00,   -6.4193045791e-28,
    5.7499599457e-01,    1.5715999603e+00,   -2.8616018700e-26,
    5.7598000765e-01,    1.5740000010e+00,   -7.8883048477e-25,
    5.7696098089e-01,   -8.7111997604e-01,   -1.8212012045e-23,
    5.7793998718e-01,   -5.5715999603e+00,   -3.5366022776e-22,
    5.7899802923e-01,   -8.5780000687e+00,   -7.2722043995e-21,
    5.7997202873e-01,   -5.9475998878e+00,   -9.9940058544e-20,
    5.8094400167e-01,    4.0910002589e-01,   -1.1716005250e-18,
    5.8199501038e-01,    6.5524997711e+00,   -1.4166005657e-17,
    5.8296298981e-01,    7.3772997856e+00,   -1.2114004484e-16,
    5.8392900229e-01,    3.8129000664e+00,   -8.9898031324e-16,
    5.8497202396e-01,   -3.1092998385e-01,   -6.7701022604e-15,
    5.8593302965e-01,   -1.2809000015e+00,   -3.8251011787e-14,
    5.8697199821e-01,   -7.0547002554e-01,   -2.1881007748e-13,
    5.8792698383e-01,   -1.7294000387e+00,   -9.7960029845e-13,
    5.8896100521e-01,   -4.8805999756e+00,   -4.4631013295e-12,
    5.8999097347e-01,   -5.8730001450e+00,   -1.8426003778e-11,
    5.9094101191e-01,   -1.4305000305e+00,   -6.3201013867e-11,
    5.9196698666e-01,    6.9229998589e+00,   -2.2357003748e-10,
    5.9299099445e-01,    1.0170999527e+01,   -7.4141015549e-10,
    5.9393399954e-01,    4.4786000252e+00,   -2.1327004607e-09,
    5.9495401382e-01,   -4.8571000099e+00,   -6.3842011677e-09,
    5.9597098827e-01,   -8.0958003998e+00,   -1.8273002667e-08,
    5.9698498249e-01,   -3.5088000298e+00,   -5.0227008330e-08,
    5.9799700975e-01,    1.7391999960e+00,   -1.3308002167e-07,
    5.9892898798e-01,    2.5183999538e+00,   -3.1750005292e-07,
    5.9993600845e-01,    8.5295003653e-01,   -7.9018013821e-07,
    6.0094100237e-01,    4.8779997230e-01,   -1.9088001864e-06,
    6.0194402933e-01,    1.5456999540e+00,   -4.4823004828e-06,
    6.0294502974e-01,    1.8495999575e+00,   -1.0241999917e-05,
    6.0394400358e-01,    8.1245005131e-01,   -2.2786001864e-05,
    6.0494101048e-01,   -1.1832000017e+00,   -4.9395002861e-05,
    6.0593402386e-01,   -3.2393999100e+00,   -1.0441000632e-04,
    6.0692602396e-01,   -3.5776000023e+00,   -2.1538001602e-04,
    6.0799098015e-01,   -5.3198999166e-01,   -4.5755002066e-04,
    6.0897797346e-01,    3.6733000278e+00,   -8.9974008733e-04,
    6.0996299982e-01,    5.0225000381e+00,   -1.7307001399e-03,
    6.1094599962e-01,    1.8660000563e+00,   -3.2588001341e-03,
    6.1192697287e-01,   -2.6301000118e+00,   -6.0092005879e-03,
    6.1298102140e-01,   -3.6752998829e+00,   -1.1352000758e-02,
    6.1395800114e-01,   -5.2930003405e-01,   -2.0071001723e-02,
    6.1493200064e-01,    2.1702001095e+00,   -3.4798003733e-02,
    6.1597901583e-01,    1.4768999815e+00,   -6.1610002071e-02,
    6.1694800854e-01,   -4.8252001405e-01,   -1.0271000117e-01,
    6.1799001694e-01,   -4.7902002931e-01,   -1.7451000214e-01,
    6.1895602942e-01,    2.3217999935e+00,   -2.8023001552e-01,
    6.1999398470e-01,    5.8239002228e+00,   -4.5756003261e-01,
    6.2095600367e-01,    6.8832998276e+00,   -7.0832002163e-01,
    6.2199002504e-01,    5.1353001595e+00,   -1.1117999554e+00,
    6.2294799089e-01,    3.8817000389e+00,   -1.6589000225e+00,
    6.2397700548e-01,    8.0293998718e+00,   -2.5013000965e+00,
    6.2493002415e-01,    1.7138999939e+01,   -3.5931000710e+00,
    6.2595498562e-01,    2.7993000031e+01,   -5.1957998276e+00,
    6.2697702646e-01,    3.6085998535e+01,   -7.3456001282e+00,
    6.2799698114e-01,    4.2304000854e+01,   -1.0145000458e+01,
    6.2894302607e-01,    5.0756000519e+01,   -1.3397999763e+01,
    6.2996000051e-01,    6.6392997742e+01,   -1.7644001007e+01,
    6.3097399473e-01,    8.7840003967e+01,   -2.2637998581e+01,
    6.3198602200e-01,    1.1196000671e+02,   -2.8274000168e+01,
    6.3299602270e-01,    1.3552000427e+02,   -3.4348999023e+01,
    6.3393199444e-01,    1.5611999512e+02,   -4.0121002197e+01,
    6.3493800163e-01,    1.7982000732e+02,   -4.6125999451e+01,
    6.3594102859e-01,    2.0776998901e+02,   -5.1515003204e+01,
    6.3694298267e-01,    2.3759999084e+02,   -5.5897998810e+01,
    6.3794302940e-01,    2.6347000122e+02,   -5.8980998993e+01,
    6.3894200325e-01,    2.8080999756e+02,   -6.0624000549e+01,
    6.3993799686e-01,    2.9097000122e+02,   -6.0893001556e+01,
    6.4093202353e-01,    2.9822000122e+02,   -6.0027999878e+01,
    6.4199501276e-01,    3.0405999756e+02,   -5.8418998718e+01,
    6.4298498631e-01,    3.0336001587e+02,   -5.6879001617e+01,
    6.4397299290e-01,    2.9154998779e+02,   -5.5846000671e+01,
    6.4495998621e-01,    2.6885000610e+02,   -5.5708999634e+01,
    6.4594501257e-01,    2.4216999817e+02,   -5.6604000092e+01,
    6.4699900150e-01,    2.1923001099e+02,   -5.8609001160e+01,
    6.4798098803e-01,    2.0653999329e+02,   -6.1042999268e+01,
    6.4896202087e-01,    1.9905999756e+02,   -6.3491001129e+01,
    6.4994198084e-01,    1.9338999939e+02,   -6.5440002441e+01,
    6.5099102259e-01,    1.9170999146e+02,   -6.6591003418e+01,
    6.5196901560e-01,    1.9908000183e+02,   -6.6701995850e+01,
    6.5294700861e-01,    2.1575999451e+02,   -6.6096000671e+01,
    6.5399497747e-01,    2.3752000427e+02,   -6.5213996887e+01,
    6.5497297049e-01,    2.5316998291e+02,   -6.4738998413e+01,
    6.5595102310e-01,    2.6082000732e+02,   -6.4991004944e+01,
    6.5693002939e-01,    2.6210998535e+02,   -6.6149993896e+01,
    6.5797901154e-01,    2.5889999390e+02,   -6.8244003296e+01,
    6.5895897150e-01,    2.5116000366e+02,   -7.0557998657e+01,
    6.5993899107e-01,    2.3692999268e+02,   -7.2665000916e+01,
    6.6098999977e-01,    2.1647000122e+02,   -7.4165000916e+01,
    6.6197097301e-01,    2.0000000000e+02,   -7.4663002014e+01,
    6.6295301914e-01,    1.9333000183e+02,   -7.4429000854e+01,
    6.6393500566e-01,    1.9743000793e+02,   -7.3848999023e+01,
    6.6498798132e-01,    2.0766999817e+02,   -7.3445999146e+01,
    6.6597002745e-01,    2.1668000793e+02,   -7.3738998413e+01,
    6.6695302725e-01,    2.2386999512e+02,   -7.4852996826e+01,
    6.6793602705e-01,    2.3088000488e+02,   -7.6585998535e+01,
    6.6899001598e-01,    2.3843998718e+02,   -7.8652999878e+01,
    6.6997301579e-01,    2.4202999878e+02,   -8.0347000122e+01,
    6.7095601559e-01,    2.3777000427e+02,   -8.1511001587e+01,
    6.7193901539e-01,    2.2564001465e+02,   -8.1994003296e+01,
    6.7299300432e-01,    2.1008000183e+02,   -8.1895996094e+01,
    6.7397701740e-01,    1.9986999512e+02,   -8.1759994507e+01,
    6.7496001720e-01,    1.9630000305e+02,   -8.2145004272e+01,
    6.7594498396e-01,    1.9757000732e+02,   -8.3182998657e+01,
    6.7699998617e-01,    2.0127999878e+02,   -8.4640998840e+01,
    6.7798399925e-01,    2.0639999390e+02,   -8.6000991821e+01,
    6.7896997929e-01,    2.1333000183e+02,   -8.7311004639e+01,
    6.7995601892e-01,    2.2107998657e+02,   -8.8444992065e+01,
    6.8094199896e-01,    2.2669000244e+02,   -8.9037002563e+01,
    6.8199801445e-01,    2.2643000793e+02,   -8.9025001526e+01,
    6.8298399448e-01,    2.1897999573e+02,   -8.9110000610e+01,
    6.8397098780e-01,    2.0689001465e+02,   -9.0003997803e+01,
    6.8495702744e-01,    1.9527999878e+02,   -9.1557998657e+01,
    6.8594300747e-01,    1.8890000916e+02,   -9.3046997070e+01,
    6.8693000078e-01,    1.8888999939e+02,   -9.4141998291e+01,
    6.8798798323e-01,    1.9352000427e+02,   -9.5144996643e+01,
    6.8897598982e-01,    1.9931999207e+02,   -9.5975997925e+01,
    6.8996500969e-01,    2.0538999939e+02,   -9.6361999512e+01,
    6.9095301628e-01,    2.1108999634e+02,   -9.6322006226e+01,
    6.9194197655e-01,    2.1454998779e+02,   -9.6546005249e+01,
    6.9292998314e-01,    2.1294999695e+02,   -9.7643005371e+01,
    6.9398999214e-01,    2.0462998962e+02,   -9.9567001343e+01,
    6.9497901201e-01,    1.9361999512e+02,   -1.0132999420e+02,
    6.9596797228e-01,    1.8447999573e+02,   -1.0256999969e+02,
    6.9695800543e-01,    1.8071000671e+02,   -1.0325000000e+02,
    6.9794797897e-01,    1.8275999451e+02,   -1.0352999878e+02,
    6.9893801212e-01,    1.8842999268e+02,   -1.0372000122e+02,
    6.9999897480e-01,    1.9536000061e+02,   -1.0411000061e+02,
    7.0098900795e-01,    2.0038999939e+02,   -1.0480999756e+02,
    7.0197999477e-01,    2.0269999695e+02,   -1.0590000153e+02,
    7.0297098160e-01,    2.0130000305e+02,   -1.0744999695e+02,
    7.0396298170e-01,    1.9577999878e+02,   -1.0923000336e+02,
    7.0495402813e-01,    1.8721000671e+02,   -1.1063999939e+02,
    7.0594602823e-01,    1.7880000305e+02,   -1.1118999481e+02,
    7.0693802834e-01,    1.7419000244e+02,   -1.1116000366e+02,
    7.0792901516e-01,    1.7499000549e+02,   -1.1130000305e+02,
    7.0899200439e-01,    1.8036000061e+02,   -1.1211999512e+02,
    7.0998501778e-01,    1.8663999939e+02,   -1.1332000732e+02,
    7.1097797155e-01,    1.9132000732e+02,   -1.1462999725e+02,
    7.1197098494e-01,    1.9230999756e+02,   -1.1591999817e+02,
    7.1296501160e-01,    1.8928999329e+02,   -1.1707999420e+02,
    7.1395802498e-01,    1.8358000183e+02,   -1.1798000336e+02,
    7.1495097876e-01,    1.7711999512e+02,   -1.1861000061e+02,
    7.1594500542e-01,    1.7173001099e+02,   -1.1909999847e+02,
    7.1693801880e-01,    1.6875999451e+02,   -1.1961000061e+02,
    7.1793299913e-01,    1.6892999268e+02,   -1.2043000793e+02,
    7.1899801493e-01,    1.7233000183e+02,   -1.2181999969e+02,
    7.1999299526e-01,    1.7708000183e+02,   -1.2331999207e+02,
    7.2098797560e-01,    1.8097999573e+02,   -1.2443000031e+02,
    7.2198402882e-01,    1.8191999817e+02,   -1.2494000244e+02,
    7.2297900915e-01,    1.7920999146e+02,   -1.2527999878e+02,
    7.2397398949e-01,    1.7359001160e+02,   -1.2596000671e+02,
    7.2496998310e-01,    1.6692999268e+02,   -1.2704000854e+02,
    7.2596502304e-01,    1.6152000427e+02,   -1.2828999329e+02,
    7.2696101665e-01,    1.5936000061e+02,   -1.2948001099e+02,
    7.2795802355e-01,    1.6141000366e+02,   -1.3050000000e+02,
    7.2895497084e-01,    1.6652000427e+02,   -1.3130999756e+02,
    7.2995197773e-01,    1.7119000244e+02,   -1.3197999573e+02,
    7.3094797134e-01,    1.7241000366e+02,   -1.3261000061e+02,
    7.3194497824e-01,    1.7031999207e+02,   -1.3321000671e+02,
    7.3294198513e-01,    1.6663999939e+02,   -1.3395999146e+02,
    7.3394000530e-01,    1.6191999817e+02,   -1.3515000916e+02,
    7.3493701220e-01,    1.5583999634e+02,   -1.3672000122e+02,
    7.3593497276e-01,    1.5016000366e+02,   -1.3814999390e+02,
    7.3693299294e-01,    1.4857000732e+02,   -1.3891999817e+02,
    7.3793202639e-01,    1.5252000427e+02,   -1.3911000061e+02,
    7.3892998695e-01,    1.5775999451e+02,   -1.3930000305e+02,
    7.4000000954e-01,    1.5850000000e+02,   -1.4000999451e+02,
    7.4099802971e-01,    1.5364999390e+02,   -1.4116999817e+02,
    7.4199700356e-01,    1.4586000061e+02,   -1.4250000000e+02,
    7.4299699068e-01,    1.3666000366e+02,   -1.4369000244e+02,
    7.4399602413e-01,    1.2561999512e+02,   -1.4452999878e+02,
    7.4499601126e-01,    1.1386000061e+02,   -1.4501998901e+02,
    7.4599498510e-01,    1.0420999146e+02,   -1.4527000427e+02,
    7.4699497223e-01,    9.7252998352e+01,   -1.4527999878e+02,
    7.4799501896e-01,    8.8871002197e+01,   -1.4501998901e+02,
    7.4899500608e-01,    7.4722000122e+01,   -1.4471000671e+02,
    7.4999499321e-01,    5.5149002075e+01,   -1.4450999451e+02,
    7.5099599361e-01,    3.3087001801e+01,   -1.4395999146e+02,
    7.5199699402e-01,    8.8468999863e+00,   -1.4220999146e+02,
    7.5299799442e-01,   -1.8859001160e+01,   -1.3883999634e+02,
    7.5399899483e-01,   -4.7052997589e+01,   -1.3397999573e+02,
    7.5492900610e-01,   -6.7819000244e+01,   -1.2834001160e+02,
    7.5593000650e-01,   -8.1555999756e+01,   -1.2115999603e+02,
    7.5693202019e-01,   -9.0572998047e+01,   -1.1280000305e+02,
    7.5793302059e-01,   -1.0062999725e+02,   -1.0319999695e+02,
    7.5893598795e-01,   -1.1138999176e+02,   -9.2383003235e+01,
    7.5993800163e-01,   -1.1768000031e+02,   -8.0677001953e+01,
    7.6094001532e-01,   -1.1619000244e+02,   -6.8719001770e+01,
    7.6194202900e-01,   -1.0858000183e+02,   -5.7248001099e+01,
    7.6294499636e-01,   -9.7025001526e+01,   -4.6985000610e+01,
    7.6394802332e-01,   -8.1492996216e+01,   -3.8527999878e+01,
    7.6495099068e-01,   -6.2459999084e+01,   -3.2191997528e+01,
    7.6595401764e-01,   -4.1758998871e+01,   -2.7973001480e+01,
    7.6695698500e-01,   -2.2595001221e+01,   -2.5734001160e+01,
    7.6796102524e-01,   -8.5364999771e+00,   -2.5106000900e+01,
    7.6896500587e-01,   -2.1229999065e+00,   -2.5395999908e+01,
    7.6996797323e-01,   -3.1663000584e+00,   -2.6005001068e+01,
    7.7097201347e-01,   -8.4684000015e+00,   -2.6597000122e+01,
    7.7197599411e-01,   -1.3866000175e+01,   -2.6982997894e+01,
    7.7297997475e-01,   -1.7268999100e+01,   -2.6758001328e+01,
    7.7398502827e-01,   -1.9878999710e+01,   -2.5401000977e+01,
    7.7499002218e-01,   -2.2981998444e+01,   -2.2918998718e+01,
    7.7599501610e-01,   -2.6266998291e+01,   -1.9953001022e+01,
    7.7700001001e-01,   -2.9055000305e+01,   -1.7350999832e+01,
    7.7793300152e-01,   -3.0951000214e+01,   -1.5758999825e+01,
    7.7893799543e-01,   -3.1243999481e+01,   -1.5083999634e+01,
    7.7994400263e-01,   -2.8215999603e+01,   -1.5229999542e+01,
    7.8094899654e-01,   -2.2242000580e+01,   -1.5858000755e+01,
    7.8195500374e-01,   -1.5513999939e+01,   -1.6802999496e+01,
    7.8296202421e-01,   -9.8168001175e+00,   -1.7875000000e+01,
    7.8396797180e-01,   -5.2639999390e+00,   -1.8677000046e+01,
    7.8497397900e-01,   -2.6245000362e+00,   -1.8932001114e+01,
    7.8597998619e-01,   -4.6199998856e+00,   -1.8715000153e+01,
    7.8698700666e-01,   -1.2631999969e+01,   -1.8307001114e+01,
    7.8799301386e-01,   -2.3162000656e+01,   -1.7837999344e+01,
    7.8892797232e-01,   -2.9695999146e+01,   -1.7235000610e+01,
    7.8993600607e-01,   -3.0114997864e+01,   -1.6402999878e+01,
    7.9094302654e-01,   -2.5172998428e+01,   -1.5703000069e+01,
    7.9194998741e-01,   -1.8854000092e+01,   -1.5563000679e+01,
    7.9295802116e-01,   -1.4313999176e+01,   -1.6023000717e+01,
    7.9396498203e-01,   -1.2468999863e+01,   -1.6681999207e+01,
    7.9497301579e-01,   -1.1954999924e+01,   -1.7177000046e+01,
    7.9598098993e-01,   -1.1589000702e+01,   -1.7436000824e+01,
    7.9698902369e-01,   -1.1987999916e+01,   -1.7336000443e+01,
    7.9799699783e-01,   -1.4475000381e+01,   -1.6694000244e+01,
    7.9893398285e-01,   -1.7798000336e+01,   -1.5697999954e+01,
    7.9994201660e-01,   -1.9392000198e+01,   -1.4920000076e+01,
    8.0095100403e-01,   -1.7415000916e+01,   -1.5012999535e+01,
    8.0195999146e-01,   -1.4759000778e+01,   -1.5598000526e+01,
    8.0296802521e-01,   -1.5470000267e+01,   -1.5930999756e+01,
    8.0397701263e-01,   -1.9134000778e+01,   -1.5840999603e+01,
    8.0498701334e-01,   -2.1559000015e+01,   -1.5798000336e+01,
    8.0599600077e-01,   -1.9666999817e+01,   -1.6017999649e+01,
    8.0693399906e-01,   -1.4794000626e+01,   -1.6072000504e+01,
    8.0794298649e-01,   -9.5804004669e+00,   -1.5673999786e+01,
    8.0895298719e-01,   -7.5597000122e+00,   -1.5118999481e+01,
    8.0996298790e-01,   -9.9329004288e+00,   -1.4989999771e+01,
    8.1097298861e-01,   -1.4951000214e+01,   -1.5327999115e+01,
    8.1198298931e-01,   -1.9625999451e+01,   -1.5595999718e+01,
    8.1299400330e-01,   -2.2130001068e+01,   -1.5427999496e+01,
    8.1393200159e-01,   -2.2692001343e+01,   -1.4914999962e+01,
    8.1494301558e-01,   -2.2111000061e+01,   -1.4414999008e+01,
    8.1595301628e-01,   -2.0280000687e+01,   -1.4372999191e+01,
    8.1696397066e-01,   -1.7017000198e+01,   -1.4583999634e+01,
    8.1797498465e-01,   -1.3956999779e+01,   -1.4643000603e+01,
    8.1898599863e-01,   -1.4177000046e+01,   -1.4138000488e+01,
    8.1999701262e-01,   -1.9192998886e+01,   -1.3087999344e+01,
    8.2093697786e-01,   -2.7562999725e+01,   -1.2123999596e+01,
    8.2194799185e-01,   -3.8175003052e+01,   -1.1321000099e+01,
    8.2296001911e-01,   -4.7308002472e+01,   -1.0465999603e+01,
    8.2397097349e-01,   -5.2819999695e+01,   -9.0090999603e+00,
    8.2498300076e-01,   -5.5771999359e+01,   -6.6799998283e+00,
    8.2599502802e-01,   -6.0098999023e+01,   -3.9714999199e+00,
    8.2693499327e-01,   -6.8674003601e+01,   -1.5720000267e+00,
    8.2794797421e-01,   -8.3731002808e+01,    1.0135999918e+00,
    8.2896000147e-01,   -1.0309999847e+02,    4.3467001915e+00,
    8.2997298241e-01,   -1.2431999207e+02,    9.1106996536e+00,
    8.3098500967e-01,   -1.4615000916e+02,    1.4823999405e+01,
    8.3199799061e-01,   -1.6841000366e+02,    2.0278999329e+01,
    8.3293801546e-01,   -1.8942999268e+02,    2.4642999649e+01,
    8.3395099640e-01,   -2.1189999390e+02,    2.9079999924e+01,
    8.3496499062e-01,   -2.3278999329e+02,    3.3907001495e+01,
    8.3597797155e-01,   -2.5132000732e+02,    3.8868000031e+01,
    8.3699202538e-01,   -2.6895001221e+02,    4.3173999786e+01,
    8.3793300390e-01,   -2.8589999390e+02,    4.6332000732e+01,
    8.3894598484e-01,   -3.0339001465e+02,    4.8878997803e+01,
    8.3995997906e-01,   -3.1551000977e+02,    5.0536998749e+01,
    8.4097397327e-01,   -3.1842999268e+02,    5.1219001770e+01,
    8.4198802710e-01,   -3.1249002075e+02,    5.1084999084e+01,
    8.4293001890e-01,   -3.0273999023e+02,    5.0562000275e+01,
    8.4394401312e-01,   -2.9151998901e+02,    4.9520000458e+01,
    8.4495800734e-01,   -2.7980999756e+02,    4.7850997925e+01,
    8.4597301483e-01,   -2.6554000854e+02,    4.6012001038e+01,
    8.4698700905e-01,   -2.4753999329e+02,    4.4911998749e+01,
    8.4793001413e-01,   -2.2953999329e+02,    4.5043998718e+01,
    8.4894502163e-01,   -2.1352999878e+02,    4.6231998444e+01,
    8.4996002913e-01,   -2.0472000122e+02,    4.7947998047e+01,
    8.5097497702e-01,   -2.0292999268e+02,    4.9815002441e+01,
    8.5198998451e-01,   -2.0550999451e+02,    5.1749000549e+01,
    8.5293298960e-01,   -2.1122999573e+02,    5.3678001404e+01,
    8.5394799709e-01,   -2.2188000488e+02,    5.5868000031e+01,
    8.5496401787e-01,   -2.3649000549e+02,    5.7931999207e+01,
    8.5597997904e-01,   -2.5157000732e+02,    5.9500000000e+01,
    8.5699599981e-01,   -2.6257000732e+02,    6.0204002380e+01,
    8.5793900490e-01,   -2.6688000488e+02,    6.0009998322e+01,
    8.5895502567e-01,   -2.6642001343e+02,    5.9167999268e+01,
    8.5997098684e-01,   -2.6385000610e+02,    5.8250000000e+01,
    8.6098700762e-01,   -2.6072000122e+02,    5.8000000000e+01,
    8.6193102598e-01,   -2.5518000793e+02,    5.8741996765e+01,
    8.6294698715e-01,   -2.4316000366e+02,    6.0258003235e+01,
    8.6396402121e-01,   -2.2572000122e+02,    6.1922996521e+01,
    8.6498099566e-01,   -2.0880000305e+02,    6.3611000061e+01,
    8.6599802971e-01,   -1.9933999634e+02,    6.5486999512e+01,
    8.6694198847e-01,   -1.9917999268e+02,    6.7138999939e+01,
    8.6795902252e-01,   -2.0567999268e+02,    6.8323997498e+01,
    8.6897599697e-01,   -2.1593000793e+02,    6.9001998901e+01,
    8.6999297142e-01,   -2.2820001221e+02,    6.9637001038e+01,
    8.7093800306e-01,   -2.3975000000e+02,    7.0135002136e+01,
    8.7195599079e-01,   -2.4953999329e+02,    7.0145996094e+01,
    8.7297302485e-01,   -2.5330998230e+02,    6.9711997986e+01,
    8.7399101257e-01,   -2.4961000061e+02,    6.9654998779e+01,
    8.7493598461e-01,   -2.4033999634e+02,    7.0447998047e+01,
    8.7595397234e-01,   -2.2752999878e+02,    7.1957000732e+01,
    8.7697201967e-01,   -2.1598001099e+02,    7.3769004822e+01,
    8.7799000740e-01,   -2.0825000000e+02,    7.5850997925e+01,
    8.7893599272e-01,   -2.0474998474e+02,    7.7884994507e+01,
    8.7995398045e-01,   -2.0330000305e+02,    7.9554000854e+01,
    8.8097298145e-01,   -2.0318000793e+02,    8.0196998596e+01,
    8.8199102879e-01,   -2.0545001221e+02,    8.0024993896e+01,
    8.8293701410e-01,   -2.1106999207e+02,    7.9594001770e+01,
    8.8395500183e-01,   -2.2058000183e+02,    7.9207000732e+01,
    8.8497400284e-01,   -2.3020001221e+02,    7.9372001648e+01,
    8.8599300385e-01,   -2.3531999207e+02,    8.0577003479e+01,
    8.8694000244e-01,   -2.3380999756e+02,    8.2510002136e+01,
    8.8795900345e-01,   -2.2609999084e+02,    8.4699005127e+01,
    8.8897800446e-01,   -2.1500001526e+02,    8.6395996094e+01,
    8.8999700546e-01,   -2.0362998962e+02,    8.7626998901e+01,
    8.9094400406e-01,   -1.9517999268e+02,    8.8500000000e+01,
    8.9196401834e-01,   -1.9012001038e+02,    8.9132003784e+01,
    8.9298301935e-01,   -1.9000999451e+02,    8.9504005432e+01,
    8.9393001795e-01,   -1.9438000488e+02,    8.9822998047e+01,
    8.9494997263e-01,   -2.0325000000e+02,    9.0250000000e+01,
    8.9596998692e-01,   -2.1384001160e+02,    9.0740997314e+01,
    8.9699000120e-01,   -2.2142999268e+02,    9.1464004517e+01,
    8.9793699980e-01,   -2.2197999573e+02,    9.2594001770e+01,
    8.9895701408e-01,   -2.1507000732e+02,    9.4230003357e+01,
    8.9997798204e-01,   -2.0469999695e+02,    9.5944992065e+01,
    9.0099799633e-01,   -1.9622999573e+02,    9.7554000854e+01,
    9.0194600821e-01,   -1.9172000122e+02,    9.8906005859e+01,
    9.0296697617e-01,   -1.8906999207e+02,    9.9904006958e+01,
    9.0398699045e-01,   -1.8703999329e+02,    1.0006999969e+02,
    9.0493500233e-01,   -1.8636000061e+02,    9.9763000488e+01,
    9.0595597029e-01,   -1.8874000549e+02,    9.9774002075e+01,
    9.0697699785e-01,   -1.9486000061e+02,    1.0065000153e+02,
    9.0799802542e-01,   -2.0218998718e+02,    1.0217000580e+02,
    9.0894597769e-01,   -2.0613000488e+02,    1.0373999786e+02,
    9.0996801853e-01,   -2.0448001099e+02,    1.0542000580e+02,
    9.1098898649e-01,   -1.9783999634e+02,    1.0695999908e+02,
    9.1193699837e-01,   -1.9080000305e+02,    1.0804000092e+02,
    9.1295897961e-01,   -1.8519999695e+02,    1.0865000153e+02,
    9.1398000717e-01,   -1.8150000000e+02,    1.0887000275e+02,
    9.1492897272e-01,   -1.7832000732e+02,    1.0915999603e+02,
    9.1595101357e-01,   -1.7541999817e+02,    1.0984999847e+02,
    9.1697198153e-01,   -1.7619999695e+02,    1.1091999817e+02,
    9.1799402237e-01,   -1.8267999268e+02,    1.1216000366e+02,
    9.1894298792e-01,   -1.9114999390e+02,    1.1333999634e+02,
    9.1996502876e-01,   -1.9655999756e+02,    1.1465000153e+02,
    9.2098599672e-01,   -1.9392999268e+02,    1.1597000122e+02,
    9.2193502188e-01,   -1.8577000427e+02,    1.1701999664e+02,
    9.2295700312e-01,   -1.7691999817e+02,    1.1781999969e+02,
    9.2397797108e-01,   -1.7258000183e+02,    1.1836999512e+02,
    9.2492699623e-01,   -1.7183000183e+02,    1.1880999756e+02,
    9.2594802380e-01,   -1.7108999634e+02,    1.1940000153e+02,
    9.2697000504e-01,   -1.6908999634e+02,    1.2029999542e+02,
    9.2799097300e-01,   -1.6847999573e+02,    1.2162000275e+02,
    9.2893898487e-01,   -1.7143000793e+02,    1.2306999969e+02,
    9.2996001244e-01,   -1.7748999023e+02,    1.2446999359e+02,
    9.3098002672e-01,   -1.8180999756e+02,    1.2553000641e+02,
    9.3192702532e-01,   -1.8050000000e+02,    1.2631000519e+02,
    9.3294698000e-01,   -1.7338999939e+02,    1.2694000244e+02,
    9.3396598101e-01,   -1.6442999268e+02,    1.2730000305e+02,
    9.3498498201e-01,   -1.5763999939e+02,    1.2762000275e+02,
    9.3593102694e-01,   -1.5420001221e+02,    1.2834999084e+02,
    9.3694901466e-01,   -1.5183999634e+02,    1.2977999878e+02,
    9.3796598911e-01,   -1.4905999756e+02,    1.3142999268e+02,
    9.3898302317e-01,   -1.4675999451e+02,    1.3275000000e+02,
    9.3999999762e-01,   -1.4667999268e+02,    1.3359999084e+02,
    9.4094300270e-01,   -1.4752000427e+02,    1.3397999573e+02,
    9.4195801020e-01,   -1.4483999634e+02,    1.3405999756e+02,
    9.4297099113e-01,   -1.3383000183e+02,    1.3408000183e+02,
    9.4398301840e-01,   -1.1469999695e+02,    1.3427999878e+02,
    9.4499301910e-01,   -9.3037002563e+01,    1.3461999512e+02,
    9.4593000412e-01,   -7.6176002502e+01,    1.3486000061e+02,
    9.4693899155e-01,   -6.3354995728e+01,    1.3493000793e+02,
    9.4794702530e-01,   -5.3046997070e+01,    1.3461999512e+02,
    9.4895499945e-01,   -4.0739002228e+01,    1.3355000305e+02,
    9.4996297359e-01,   -2.4517000198e+01,    1.3139999390e+02,
    9.5096999407e-01,   -5.8038997650e+00,    1.2826000977e+02,
    9.5197802782e-01,    1.3652000427e+01,    1.2437000275e+02,
    9.5298600197e-01,    3.4236999512e+01,    1.1983000183e+02,
    9.5399302244e-01,    5.6536998749e+01,    1.1458000183e+02,
    9.5492899418e-01,    7.7248001099e+01,    1.0916999817e+02,
    9.5593702793e-01,    9.6016998291e+01,    1.0262000275e+02,
    9.5694398880e-01,    1.0772000885e+02,    9.4861999512e+01,
    9.5795202255e-01,    1.1101000214e+02,    8.5664993286e+01,
    9.5895898342e-01,    1.0759999847e+02,    7.5339996338e+01,
    9.5996499062e-01,    1.0065000153e+02,    6.4482002258e+01,
    9.6096998453e-01,    9.2287994385e+01,    5.3589000702e+01,
    9.6197497845e-01,    8.2727005005e+01,    4.3189998627e+01,
    9.6297901869e-01,    7.1113998413e+01,    3.3842002869e+01,
    9.6398198605e-01,    5.7159999847e+01,    2.5832000732e+01,
    9.6498501301e-01,    4.2191001892e+01,    1.9198999405e+01,
    9.6598899364e-01,    2.8239997864e+01,    1.4076000214e+01,
    9.6699202061e-01,    1.6032999039e+01,    1.0623999596e+01,
    9.6799600124e-01,    4.6347999573e+00,    8.6557998657e+00,
    9.6899902821e-01,   -6.9022998810e+00,    7.7361001968e+00,
    9.6993100643e-01,   -1.6919000626e+01,    7.7817997932e+00,
    9.7093498707e-01,   -2.3791999817e+01,    9.0383996964e+00,
    9.7193902731e-01,   -2.2889999390e+01,    1.1441999435e+01,
    9.7294300795e-01,   -1.3017000198e+01,    1.4292000771e+01,
    9.7394597530e-01,    1.9983999729e+00,    1.6704000473e+01,
    9.7495001554e-01,    1.6170999527e+01,    1.8010000229e+01,
    9.7595298290e-01,    2.5777999878e+01,    1.7815000534e+01,
    9.7695702314e-01,    3.0145999908e+01,    1.6160999298e+01,
    9.7795999050e-01,    3.0242000580e+01,    1.3619999886e+01,
    9.7896301746e-01,    2.7005998611e+01,    1.0916999817e+01,
    9.7996699810e-01,    2.1524000168e+01,    8.4525003433e+00,
    9.8097002506e-01,    1.4895999908e+01,    6.4566001892e+00,
    9.8197400570e-01,    8.7202997208e+00,    5.2652001381e+00,
    9.8297798634e-01,    5.3854999542e+00,    5.1076998711e+00,
    9.8398202658e-01,    5.5420999527e+00,    5.7906999588e+00,
    9.8498600721e-01,    6.8109998703e+00,    6.8681001663e+00,
    9.8598998785e-01,    5.8601999283e+00,    8.1501998901e+00,
    9.8699402809e-01,    1.7484999895e+00,    9.5934000015e+00,
    9.8799800873e-01,   -3.0058000088e+00,    1.1015000343e+01,
    9.8893100023e-01,   -4.1916999817e+00,    1.2046999931e+01,
    9.8993498087e-01,    3.8427999616e-01,    1.2633999825e+01,
    9.9093902111e-01,    9.3394002914e+00,    1.2561999321e+01,
    9.9194300175e-01,    1.7881000519e+01,    1.1774000168e+01,
    9.9294698238e-01,    2.2074001312e+01,    1.0423000336e+01,
    9.9395197630e-01,    2.1781002045e+01,    8.8833999634e+00,
    9.9495601654e-01,    1.9464000702e+01,    7.5027999878e+00,
    9.9596101046e-01,    1.6615999222e+01,    6.5215997696e+00,
    9.9696600437e-01,    1.2114000320e+01,    6.1686000824e+00,
    9.9797099829e-01,    4.9646000862e+00,    6.5915999413e+00,
    9.9897599220e-01,   -2.5053000450e+00,    7.6332998276e+00,
    9.9998098612e-01,   -5.7410998344e+00,    8.8999996185e+00,
